{
  "namespace": "cap_tutorial",
  "definitions": {
    "cap_tutorial.SalesOrders": {
      "kind": "entity",
      "elements": {
        "soNumber": {
          "@title": "Sales Order Number",
          "key": true,
          "type": "cds.String"
        },
        "orderDate": {
          "@title": "Order Date",
          "type": "cds.Date"
        },
        "customerName": {
          "@title": "Customer Name",
          "type": "cds.String"
        },
        "customerNumber": {
          "@title": "Customer Number",
          "type": "cds.String"
        },
        "PoNumber": {
          "@title": "PO Number",
          "type": "cds.String"
        },
        "inquiryNumber": {
          "@title": "Inquiry Number",
          "type": "cds.String"
        },
        "totalOrderItems": {
          "@title": "Total Sales Order",
          "type": "cds.Integer"
        }
      }
    },
    "CatalogService": {
      "@source": "srv/cat-service.cds",
      "kind": "service",
      "@path": "/CatalogService"
    },
    "CatalogService.SalesOrder": {
      "kind": "entity",
      "projection": {
        "from": {
          "ref": [
            "cap_tutorial.SalesOrders"
          ]
        }
      },
      "elements": {
        "soNumber": {
          "@title": "Sales Order Number",
          "key": true,
          "type": "cds.String"
        },
        "orderDate": {
          "@title": "Order Date",
          "type": "cds.Date"
        },
        "customerName": {
          "@title": "Customer Name",
          "type": "cds.String"
        },
        "customerNumber": {
          "@title": "Customer Number",
          "type": "cds.String"
        },
        "PoNumber": {
          "@title": "PO Number",
          "type": "cds.String"
        },
        "inquiryNumber": {
          "@title": "Inquiry Number",
          "type": "cds.String"
        },
        "totalOrderItems": {
          "@title": "Total Sales Order",
          "type": "cds.Integer"
        }
      }
    }
  },
  "meta": {
    "creator": "CDS Compiler v4.0.2",
    "flavor": "inferred"
  },
  "$version": "2.0"
}